{"stats":{"minecraft:used":{"minecraft:stone_sword":9,"minecraft:stone_pickaxe":17,"minecraft:bread":3,"minecraft:wooden_pickaxe":9,"minecraft:stone_axe":1,"minecraft:dirt":1,"minecraft:crafting_table":1},"minecraft:custom":{"minecraft:time_since_rest":1323,"minecraft:sprint_one_cm":61620,"minecraft:damage_taken":1564,"minecraft:walk_one_cm":19313,"minecraft:mob_kills":5,"minecraft:drop":1,"minecraft:damage_dealt":555,"minecraft:swim_one_cm":12939,"minecraft:interact_with_crafting_table":2,"minecraft:fly_one_cm":92164,"minecraft:open_chest":5,"minecraft:crouch_one_cm":974,"minecraft:play_time":15730,"minecraft:deaths":6,"minecraft:sneak_time":741,"minecraft:walk_under_water_one_cm":1570,"minecraft:jump":383,"minecraft:walk_on_water_one_cm":1874,"minecraft:leave_game":1,"minecraft:time_since_death":1263,"minecraft:total_world_time":15730,"minecraft:fall_one_cm":10299},"minecraft:killed":{"minecraft:sheep":1,"minecraft:pig":1,"minecraft:cow":3},"minecraft:killed_by":{"mutationcraft:assimilated_sheep":1,"mutationcraft:assimilated_pig":2,"mutationcraft:assimilated_wolf":1,"mutationcraft:assimilated_bear":1},"minecraft:dropped":{"minecraft:wooden_pickaxe":1},"minecraft:mined":{"minecraft:spruce_log":12,"minecraft:crafting_table":1,"minecraft:grass":1,"minecraft:grass_block":1,"minecraft:coal_ore":13,"minecraft:spruce_leaves":5,"minecraft:stone":13},"minecraft:crafted":{"minecraft:stone_shovel":1,"minecraft:crafting_table":1,"minecraft:spruce_planks":48,"minecraft:stick":12,"minecraft:wooden_pickaxe":1,"minecraft:stone_pickaxe":1,"minecraft:stone_sword":1,"minecraft:stone_axe":1},"minecraft:picked_up":{"minecraft:stick":1,"minecraft:crafting_table":1,"minecraft:leather":3,"minecraft:torch":1,"minecraft:porkchop":1,"minecraft:spruce_sapling":3,"minecraft:spruce_log":12,"minecraft:dirt":1,"minecraft:beef":7,"minecraft:mutton":1,"minecraft:coal":13,"minecraft:white_wool":1,"minecraft:cobblestone":13}},"DataVersion":3120}