{"stats":{"minecraft:used":{"minecraft:crafting_table":1,"minecraft:wooden_pickaxe":9},"minecraft:custom":{"minecraft:time_since_rest":4015,"minecraft:crouch_one_cm":602,"minecraft:play_time":4015,"minecraft:sprint_one_cm":6360,"minecraft:walk_one_cm":3180,"minecraft:sneak_time":395,"minecraft:mob_kills":1,"minecraft:jump":40,"minecraft:damage_dealt":100,"minecraft:time_since_death":4015,"minecraft:total_world_time":4015,"minecraft:interact_with_crafting_table":2,"minecraft:fall_one_cm":209,"minecraft:fly_one_cm":5382},"minecraft:killed":{"minecraft:cow":1},"minecraft:mined":{"minecraft:grass":1,"minecraft:stone":9,"minecraft:spruce_leaves":5,"minecraft:spruce_log":12},"minecraft:crafted":{"minecraft:stone_shovel":1,"minecraft:stone_axe":1,"minecraft:crafting_table":1,"minecraft:spruce_planks":48,"minecraft:stick":12,"minecraft:wooden_pickaxe":1,"minecraft:stone_pickaxe":1},"minecraft:picked_up":{"minecraft:stick":1,"minecraft:beef":2,"minecraft:spruce_sapling":3,"minecraft:spruce_log":12,"minecraft:cobblestone":9}},"DataVersion":3120}