{
  "global:hako": {
    "criteria": {
      "trigger": "2024-08-09 03:24:00 +0000"
    },
    "done": true
  },
  "nycto:nycto": {
    "criteria": {
      "trigger": "2024-08-09 03:24:00 +0000"
    },
    "done": true
  },
  "global:root": {
    "criteria": {
      "trigger": "2024-08-09 03:24:00 +0000"
    },
    "done": true
  },
  "minecraft:adventure/adventuring_time": {
    "criteria": {
      "minecraft:snowy_plains": "2024-08-09 03:24:10 +0000",
      "minecraft:grove": "2024-08-09 03:40:37 +0000"
    },
    "done": false
  },
  "DataVersion": 3120
}